,Timestamp
0,2022-10-24 14:41:54.342000+00:00
1,2022-10-24 14:41:54.738000+00:00
2,2022-10-25 02:15:10.915000+00:00
3,2022-10-25 02:15:11.317000+00:00
4,2022-10-25 02:15:11.716000+00:00
5,2022-10-25 12:57:22.508000+00:00
6,2022-10-25 12:57:22.910000+00:00
7,2022-10-25 22:42:00.772000+00:00
8,2022-10-25 22:42:01.172000+00:00
9,2022-10-25 22:42:01.568000+00:00
10,2022-10-26 14:01:03.797000+00:00
11,2022-10-26 14:01:04.196000+00:00
12,2022-10-26 14:01:04.596000+00:00
13,2022-10-26 14:01:04.999000+00:00
14,2022-10-27 05:28:11.736000+00:00
15,2022-10-27 05:28:12.127000+00:00
16,2022-10-27 05:28:12.529000+00:00
17,2022-10-27 17:41:14.022000+00:00
18,2022-10-27 17:41:14.397000+00:00
19,2022-10-27 17:41:14.797000+00:00
20,2022-10-28 01:38:03.603000+00:00
21,2022-10-28 05:37:54.181000+00:00
22,2022-10-28 05:37:54.580000+00:00
23,2022-10-28 05:37:54.959000+00:00
24,2022-11-25 22:27:14.431000+00:00
25,2022-11-25 22:27:14.777000+00:00
26,2022-11-26 14:36:21.655000+00:00
27,2022-11-26 14:36:22.038000+00:00
28,2022-11-26 14:36:22.440000+00:00
29,2022-11-27 02:31:05.967000+00:00
30,2022-11-27 02:31:06.368000+00:00
31,2022-11-27 02:31:06.771000+00:00
32,2022-11-27 02:31:07.172000+00:00
33,2022-11-27 14:38:33.771000+00:00
34,2022-11-27 14:38:34.166000+00:00
35,2022-11-27 14:38:34.566000+00:00
36,2022-11-27 20:28:32.562000+00:00
37,2022-11-27 20:28:32.957000+00:00
38,2022-11-27 20:28:33.358000+00:00
39,2022-11-28 10:51:51.452000+00:00
40,2022-11-28 11:18:19.688000+00:00
41,2022-11-28 11:18:20.087000+00:00
42,2022-11-29 00:00:48.324000+00:00
43,2022-11-29 00:00:48.723000+00:00
44,2022-11-29 00:00:49.124000+00:00
45,2022-11-29 00:00:49.522000+00:00
46,2023-03-08 00:15:34.810000+00:00
47,2023-03-08 00:15:35.209000+00:00
48,2023-03-08 00:15:35.609000+00:00
49,2023-03-08 12:25:58.813000+00:00
50,2023-03-08 12:25:59.191000+00:00
51,2023-05-11 11:49:05.638000+00:00
52,2023-05-11 11:49:06.038000+00:00
53,2023-05-11 11:49:06.416000+00:00
54,2023-05-12 00:05:32.845000+00:00
55,2023-05-12 00:05:33.250000+00:00
56,2023-05-12 00:05:33.653000+00:00
57,2023-05-12 00:05:34.048000+00:00
58,2023-06-14 08:25:40.494000+00:00
59,2023-06-14 08:25:40.893000+00:00
60,2023-06-15 00:49:50.686000+00:00
61,2023-06-15 15:33:25.274000+00:00
62,2023-06-15 15:33:25.674000+00:00
63,2023-06-15 15:33:26.079000+00:00
64,2023-07-05 22:28:56.757000+00:00
65,2023-07-05 22:28:57.160000+00:00
66,2023-07-06 03:48:12.798000+00:00
67,2023-07-06 03:48:13.201000+00:00
68,2023-07-06 03:48:13.602000+00:00
69,2023-07-06 19:05:43.072000+00:00
70,2023-07-06 19:05:43.472000+00:00
71,2023-07-06 19:05:43.871000+00:00
72,2023-07-06 19:05:44.269000+00:00
73,2023-07-07 07:30:37.192000+00:00
74,2023-07-07 07:30:37.599000+00:00
75,2023-07-07 07:30:37.992000+00:00
76,2023-07-07 21:10:28.435000+00:00
77,2023-07-07 21:10:28.834000+00:00
78,2023-07-07 21:10:29.236000+00:00
79,2023-07-07 21:10:29.636000+00:00
80,2023-07-08 08:29:58.454000+00:00
81,2023-07-08 08:29:58.854000+00:00
82,2023-07-08 08:29:59.253000+00:00
83,2023-07-08 08:29:59.628000+00:00
84,2023-07-08 19:11:35.816000+00:00
85,2023-07-08 19:11:36.214000+00:00
86,2023-07-08 19:11:36.624000+00:00
87,2023-07-09 07:36:30.886000+00:00
88,2023-07-09 07:36:31.264000+00:00
89,2023-07-09 07:36:31.664000+00:00
90,2023-07-09 18:43:57.397000+00:00
91,2023-07-09 18:43:57.997000+00:00
92,2023-07-09 18:43:58.593000+00:00
93,2023-07-09 18:43:59.194000+00:00
94,2023-07-09 21:13:42.896000+00:00
95,2023-07-09 21:13:43.301000+00:00
96,2023-07-09 21:13:43.701000+00:00
97,2023-07-23 20:15:14.048000+00:00
98,2023-07-23 20:15:14.458000+00:00
99,2023-07-24 07:33:03.369000+00:00
100,2023-07-24 07:33:03.775000+00:00
101,2023-07-24 07:33:04.184000+00:00
102,2023-07-24 20:27:49.166000+00:00
103,2023-07-24 20:27:49.576000+00:00
104,2023-07-24 20:27:49.956000+00:00
105,2023-07-24 20:27:50.363000+00:00
106,2023-07-24 20:27:50.766000+00:00
107,2023-07-25 12:33:22.558000+00:00
108,2023-07-25 12:33:22.936000+00:00
109,2023-07-25 12:33:23.342000+00:00
110,2023-07-25 12:33:23.745000+00:00
111,2023-07-25 12:33:24.153000+00:00
